,Prot_id,Pfam,Pfam_evalue,Blast_hit,evalue_ab,evalue_ba,Sequence
0,XP_033640058.1,UPAR_LY6_2,4.5e-31,Lypd6|D.rerio,6.949999999999999e-35,1.59e-30,MLLSWPLGIKQWLSPVLFYVVLMSTCSAPTEPTLIFSYDDSTPFPNAIKCFTCTDKKSNRECNERAYDAFCPKGTKYCYSSHYLNQKSGESILVNKKCALQEECTVNAVGCKDTSTKHVQRCVSCCEGTQCNFWSPHNSTTAVFSTVTPLNSAPQHTIPNVILIVTLTLLTRLLTLAT
1,XP_033640057.1,UPAR_LY6_2,4.5e-31,,,,MLLSWPLGIKQWLSPVLFYVVLMSTCSAPTEPTLIFSYDDSTPFPNAIKCFTCTDKKSNRECNERAYDAFCPKGTKYCYSSHYLNQKSGESILVNKKCALQEECTVNAVGCKDTSTKHVQRCVSCCEGTQCNFWSPHNSTTAVFSTVTPLNSAPQHTIPNVILIVTLTLLTRLLTLAT
2,XP_033639716.1,BAMBI,3.7e-11,BAMBI|H.sapiens,6.16e-31,5.26e-28,MAKDMNTLRAVYTVFLYTCSFLCTIRVVCGQFHCYCNSPRCASYNYMCESQLGCYSQLVDSDVESDDPYLHGCIESITMEKCEEIARANESTSTPAPETESARFQELACCFESMCNNVDGSKVRTGQDRPNQEYKLIDDHYTQPYEAVSDQAVWFRAAVIAVPIAGACILIGLILIAARMLRSEDKQFTKLNVDVRQRAILRTHNAHNTTIQRAPQFLDNSRLKNINITGNKLVDPFNGRQHNNKINNMNNMAKVTNELLHHQRCVNECPRLIPTQHCGKMYRENFDVV
3,XP_033644308.1,Activin_recp,2.7e-10,BMPR1A|H.sapiens,0.0,2.269999999999999e-180,FAVLADEGLRCYCSEHCPEDSPNNTCVLRPGGWCFSQIQAGEDGVFHDEAISSHGCLPPQEDGGLFQCKGKEHTISRTMVCCNDKPMCNINLRPTLPPTTTAEIPVEPPEDYEYDTTAHQIVLLVSVTICAVLFILTSTFLYIRLKKREARRRYDTEGSRTRQNDTYISDGETISELMGRVSGSGSGSGLPLLVQRTIAKQVQLIRCVGQGRFGEVWKAKWRGEYVAVKIYLTEEESSWFRETEIYQTVLMRHDNILGFIAADIRGSGSWTQLFLITEYHEHGSLFNYLRFNILDTKAMLRLAQSAANGLAHLHSEICGMQGKPAIAHRDINSRNVLVKCNGTCAIGDMSLAARFLSESNEVDLPTKSRTGNRRYMAPEVLDGTLNTNAFESYKNADVYSFGLVLWEIARRCVTRGIVEEAQTPYYDFVQSANPTHEEMQKIVIQERRRPDIPNRWSGDDSLLSIARVMTQCWHPNPAARLTMLRVKKTLVKMQDEDFKV
4,XP_033639214.1,BAMBI,3.2e-10,,,,MSLLKICVFFFNVYIMLVMLMMVHTTHGKLICACTTPACNDTGSITCNAVTSCYTQYLDRGDGSSPVTRGCIDDTTPLFCENRRPIVPDTTWPHLTCCKQPMCNADNGVVTAPTWPQKIFETTTVHVFQPQDTPHRNSNHPAENFKPRSDDEFYHPAFMIILPVITVCLFAMLIVVIAAVVRQSRSRRHRTSGEFGANFNNTGLPVANCRGNCYGSGDPYIREKFFQSVQV
5,XP_033624296.1,Activin_recp,2.6e-07,ACVR2A|H.sapiens,8.029999999999997e-178,0.0,MAHLFSYTSCVMCKTILGLCLFYSILLKCASGASVNVALSTVSCLHYNSQTCLSNDTNCNSIRSCSEEYDTEDPDFDEMDPHKCFVLWHNTTDGAEVIMRGCWQSTDCIESERCVSQEDSTENNRYFCCCSGDLCNQDFIHDPRPRPVSTEDPIQENIAVSKKQNQNNIILTTVLYTLVPITAFTVIVISVYWMCRRYRYSLLTSVPNSEPSPLSPPSPVLGHRPIQLLEIKARGRFGAVWQAQMGHQHVAVKVFPMQDRLSWITEQEIYSIPQLRHENILYFIGTERHGEGMAQELWLITEYHPNGSLSDFLKGNLITWGDLCKISLSMAYGLAYLHEDLPANTMYSAKPAVAHRDFKSKNVLLKSDMSACVADFGLACKFEAGKSPGDTHGQVGTRRYMAPEVLEGAIQFQRDAFLRIDMYACGLVLWEIASRCTAQEGPVDEYMLPFEEEVGQAPTLEDMQDIVVSKKLRPVFRESWLKHSGMQLLYETVEECWDHDSEARLSAGCVEERLGQLLRYNSYTAPLISLTPTAPKESSL
6,XP_033641713.1,QVR,1.5e-06,,,,MGGVWAVLLTCLCAAFLHDASAIHCYSCIHLAFSPAPPPDVPNFYKNQYCRDFSKKTQVYAGDHCPNDDKEYVCGKVNGTYTFDVPGSGTTNVQAILRRCLVKPAGYDESITKKVCFRDDAQDKASHDISLIGGESEGFGTMTRFSGEVCYCSDNNCNAAAKLGHSVVFTVILATVLATLMN
7,XP_033633714.1,QVR,2.1e-06,,,,MLNVSFSLFIGLFVWSATTLVHTTANINPNDTVSDSEIECYQCEGTLGDANNNCGDTLYHDDIINTTTCTNQTVCAKVIIYMIEQKITIVRGCAPQCQDGCVKDEQLASHCYYCCQDYLCNNAVTITRNYVKWFTVFMTILQVQACRFLN
8,XP_033641865.1,QVR,8.5e-06,,,,MKFAFVAFILFAAVDGLLAAQCYSCAYVSGLSGDECNDPFDTTGNSTDTCEGTYCMKSTAKINGEVTSVTRSCSEVCTELCAELFGIEGCAFCCQGDNCNGASSLTFSICTIVSMVTFVRKLSA
9,XP_033641409.1,QVR,1.1e-05,,,,MTKFVLLVALALACSEAGALKCFLCNSVFSPNPDCEKSPPDSKYVATCPAPPANQVAHCTKLDGVITTILDMDDFERTCANFATNELPGNKCYTDQDAENWILKTVDPSVRPLLNGSFSFKGSVCFCDTDECNSVASVQPFLGLLVVALGLCVMGVWR
10,XP_033624845.1,Activin_recp,2.4e-05,BMPR2|H.sapiens,9.619999999999998e-155,2.0499999999999992e-152,MTMFSASLFYILLLGASVTYGLSGTLCAYKNERVNDVVKTDEDEVIGVLQSDNKSVRCDGRQGWCFSFWYSLPGRDEIIVPKQGCWTSDMSEARQLANSCNQNVCNSSEPPIVIVKEAHNITSQFCCCKGDYCNVNVSNSYVPQPSTEPVTSKPLEVFTLPPKNDESWTTIIVIMVCILCLCVSIPIIFVVIRFYRTRSLKANKDHLNMIEAAPPEPSVDLDQLKVLNLVGQGRYCNCYRGLLENREVAVKIFAGASRQCYMNEVEMYSLAYVEHPNVLKCIGSCERMGEDNWPEYLLVVEFMQYGALSSYLKENTYDWHGMCRLAQTAAAGLAHLHQAVDKGGSHRPAIVHRDINSRNILVKSDLTCVIGDFGFAMKVFGSSVVREGDEDNSTITDVGTVRYMSPEVLDGAVNLRDCESALKQVDIYALGLVLWEMGTRCSDLYPGGEMPPYKLPFSDELCQHPTFEDMQVHVSRGRKRPAFPDAWKENNQALRSLKETIEDCWDHDSEARLTALCVEERIIELMILWDKHRTVSPTINPTSEGMTVATCTQSRSLPERPLGVTTVDSSHHAPHQGEVSSSDDFGTRYMPSSAMLEKNERQRLLSPDTISTSLSAQSDLNLIDLSAIAPIVDPKNLHYSDENIERFTSDLKYGRPYSTPTESSSEGYGYSEPTTSPSQPLVMHEMRPSLGGDQMTDNLGVWSKRHNLHRPTSLPVWGQLTVNEARARSHPNHSLADVAAEQRSSKPAKPDVNKQRQQARDAEQVNITSPNQNYPAKGMESSISEHSFSSKGSCSSLQSTLSEGSTNSSDSNHSRRPNTLPLPSNGHGSKKKLVAVYIPDSGPTTKVQTGIAKMDSVNPQCHPVKVATNGTHYKAKAEEPLVLLREKAQPSEKAVPNTRPLSWSVGDRSSEESDTSSPLNGNSKSRDCGINIDLKKTKRKVTPYRIGGSKKLSVYQNKSDGSSVSDESSPESSIDGATSSDNSSEHSANNNSGDQCNNRPHLTQNGHAIHPNGHITNGATPLPPTGKIVNGHRRGVTDNTFQLDDESVVWGGADAASCTNYQVSCV
11,XP_033624844.1,Activin_recp,2.4e-05,,,,MTMFSASLFYILLLGASVTYGLSGTLCAYKNERVNDVVKTDEDEVIGVLQSDNKSVRCDGRQGWCFSFWYSLPGRDEIIVPKQGCWTSDMSEARQLANSCNQNVCNSSEPPIVIVKEAHNITSQFCCCKGDYCNVNVSNSYVPQPSTEPVTSKPLEVFTLPPKNDESWTTIIVIMVCILCLCVSIPIIFVVIRFYRTRSLKANKDHLNMIEAAPPEPSVDLDQLKVLNLVGQGRYCNCYRGLLENREVAVKIFAGASRQCYMNEVEMYSLAYVEHPNVLKCIGSCERMGEDNWPEYLLVVEFMQYGALSSYLKENTYDWHGMCRLAQTAAAGLAHLHQAVDKGGSHRPAIVHRDINSRNILVKSDLTCVIGDFGFAMKVFGSSVVREGDEDNSTITDVGTVRYMSPEVLDGAVNLRDCESALKQVDIYALGLVLWEMGTRCSDLYPGGEMPPYKLPFSDELCQHPTFEDMQVHVSRGRKRPAFPDAWKENNQALRSLKETIEDCWDHDSEARLTALCVEERIIELMILWDKHRTVSPTINPTSEGMTVATCTQSRSLPERPLGVTTVDSSHHAPHQGEVSSSDDFGTRYMPSSAMLEKNERQRLLSPDTISTSLSAQSDLNLIDLSAIAPIVDPKNLHYSDENIERFTSDLKYGRPYSTPTESSSEGYGYSEPTTSPSQPLVMHEMRPSLGGDQMTDNLGVWSKRHNLHRPTSLPVWGQLTVNEARARSHPNHSLADVAAEQRSSKPAKPDVNKQRQQARDAEQVNITSPNQNYPAKGMESSISEHSFSSKGSCSSLQSTLSEGSTNSSDSNHSRRPNTLPLPSNGHGSKKKLVAVYIPDSGPTTKVQTGIAKMDSVNPQCHPVKVATNGTHYKAKAEEPLVLLREKAQPSEKAVPNTRPLSWSVGDRSSEESDTSSPLNGNSKSRDCGINIDLKKTKRKVTPYRIGGSKKLSVYQNKSDGSSVSDESSPESSIDGATSSDNSSEHSANNNSGDQCNNRPHLTQNGHAIHPNGHITNGATPLPPTGKIVNGHRRGVTDNTFQLDDESVVWGGADAASCTNYQVSCV
12,XP_033627378.1,QVR,2.7e-05,,,,MRTFLTAVLLLSSIGSIMGIRCYLCTLGVASSVVDSQQCDDPFNAPSSPTENGTTSSGVLDVDCSTVSPIYDVCAKTVGRINGVYTVARTCYSSFDCLSEDGCVSGQGNTVCCCGTDGCNGAGSVAVNIAATISLAAATVMFTL
13,XP_033627380.1,QVR,2.7e-05,,,,MRTFLTAVLLLSSIGSIMGIRCYLCTLGVASSVVDSQQCDDPFNAPSSPTENGTTSSGVLDVDCSTVSPIYDVCAKTVGRINGVYTVARTCYSSFDCLSEDGCVSGQGNTVCCCGTDGCNGAGSVAVNIAATISLAAATVMFTL
14,XP_033628517.1,UPAR_LY6_2,5.2e-05,Tfp2|X.laevis,2.0100000000000003e-09,1.6100000000000003e-07,MRIKMVFKFRRNSEGIFCILMTLMIILMAVCFRTASSLQCFTCEAEDTNENCNIKEAPVLKTCTSRQDRCLTQVIYSTERGKLRIDKECTTEDGCTAATTQLGKRYFCDKSRPAWGCVECCDTDRCNENGVAVTRASAAVVLGALSSVVVALHVL
15,XP_033632175.1,QVR,5.6e-05,,,,MTRLALVWIVTVYSFAVVGAQKTNDLMCYNCSHSYAQGVDVGEMNCKDPFANNGIKKIKCNGLCVKHTIEGDVPTISRNCHTLQEGDCVELDRFKLSYGGFLSQHCCRNNLCNSAGAMTFNLFILGAVVLVGLFVCIDLS
16,XP_033632174.1,QVR,5.7e-05,,,,MTRLALVWIVTAVYSFAVVGAQKTNDLMCYNCSHSYAQGVDVGEMNCKDPFANNGIKKIKCNGLCVKHTIEGDVPTISRNCHTLQEGDCVELDRFKLSYGGFLSQHCCRNNLCNSAGAMTFNLFILGAVVLVGLFVCIDLS
17,XP_033632173.1,QVR,5.7e-05,,,,MTRLALVWIVTAVYSFAVVGAQKTNDLMCYNCSHSYAQGVDVGEMNCKDPFANNGIKKIKCNGLCVKHTIEGDVPTISRNCHTLQEGDCVELDRFKLSYGGFLSQHCCRNNLCNSAGAMTFNLFILGAVVLVGLFVCIDLS
18,XP_033639820.1,UPAR_LY6_2,6.9e-05,,,,MGKGKVLFESKMAQLFMTCLLLAGVAATASFNCYDCASLLSLNFRCETGPDNTTSTTCRTFCYTDVLTQAGVRSFMKRGCTTELECTEGSTCRELSRTGSCRSCCQSELCNADYPDDLSYKSTWVPSDLKNSAANTLARITLVAFSCMVSLV
19,XP_033627087.1,QVR,7e-05,Lynx1|N.lugens,3.42e-06,0.003,MKLIIFTLILAFPGQVECLDCYTCTYGIETLRTNTAACGDPFNTNGPHVVKTGCYPTQDPVCAKRRDYVNGEVTTVARACFPKNVCPNPEGCDTTDGVSICCCNTDYCNGMTSMFDVNVFTIAVSLIVVWKI
20,XP_033638896.1,QVR,0.0001,CD59|D.rerio,1.68e-07,0.000128,MKAFIAIVFIAAFIDFGNAISCYECAGTGSSACGDPFSGSSSVEKTDCSSSILYDDMCWKATTSSGLISRSCSAFGICSLVGNGCETGGGESVCCCSGNLCNSASTTGISYVTFASLIIASFLGMM
21,XP_033638895.1,QVR,0.0001,,,,MKAFIAIVFIAAFIDFGNAISCYECAGTGSSACGDPFSGSSSVEKTDCSSSILYDDMCWKATTSSGLISRSCSAFGICSLVGNGCETGGGESVCCCSGNLCNSASTTGISYVTFASLIIASFLGMM
22,XP_033641044.1,QVR,0.00017,,,,MGVVRVALPLCLFLALLRGSFATNATKCFACVHADFPSGVPNIYNNEYCKDYTLLRTVTYAGEDCPNDGRDYVCAKVDGYYTFDVPSVGISVVDSTIRRCVVRPGSFESTNQGICVNTQALDESTNDINLIGASSDVGDITKFTGQICYCNGDNCNSATTIGHQAFLVAFLIAVLATLAIRHF
23,XP_033638845.1,QVR,0.0003,,,,MDSSLRLMLLVMVLSACLGGLDGFDCYLCGYDNSLPDNMPSCNDPFDVSDPSISETAMQCEGVCSKSSVINGNITAVSRECLEDIILSDCDNECSTNDELGTVCYHCCDTDRCNSADSMTYDLLTSFIAFAFSLYWTIS
24,XP_033629186.1,Activin_recp,0.00042,ACVR1|H.sapiens,0.0,0.0,MAEESARPFVTNETTFECTCDNLGCNSDISRCKTTKRCYASLTIDENGVEQRRKGCFNTVERTNMYCKSAFQDNIIMVCCKGEMCNENIQPAFPPPIPPTTPISGLRESASTYDVVYLVMAVLGPFFALIVGISFAVFMYRWMHKKRLRELNTNDEEYAQHAPHDLRAVPAGDSTLKDLFDHSNTSGSGSGLPYLVQRTVARQITLVEQVGKGRYGEVWRGNWQDENVAVKIFNSIDEKSWFRETEIYNTIMLRHDNILGFIASDMTSRNSCTQLWLITHYHEFGSLYDYLNRNVIDMKVAIRLALSAAGGLVHLHTEIFCNNSKPAIAHRDIKSKNILVKENHTCCIADLGLAVLHTRKNDQLDIGMNSRVGTKRYMAPELLEETMNTAEFESFKRVDVYAFGLVLWEIARRCQVGGIVEDYRPPFFEYVSSDPGFEDMKKVVCTEMLRPTIPNRWSNETMLIALSKLMKECWYHTASARHSSLRVKKTLMKIAESCNLNTTSKLDYSWEKAFI
25,XP_033629187.1,Activin_recp,0.00042,,,,MAEESARPFVTNETTFECTCDNLGCNSDISRCKTTKRCYASLTIDENGVEQRRKGCFNTVERTNMYCKSAFQDNIIMVCCKGEMCNENIQPAFPPPIPPTTPISGLRESASTYDVVYLVMAVLGPFFALIVGISFAVFMYRWMHKKRLRELNTNDEEYAQHAPHDLRAVPAGDSTLKDLFDHSNTSGSGSGLPYLVQRTVARQITLVEQVGKGRYGEVWRGNWQDENVAVKIFNSIDEKSWFRETEIYNTIMLRHDNILGFIASDMTSRNSCTQLWLITHYHEFGSLYDYLNRNVIDMKVAIRLALSAAGGLVHLHTEIFCNNSKPAIAHRDIKSKNILVKENHTCCIADLGLAVLHTRKNDQLDIGMNSRVGTKRYMAPELLEETMNTAEFESFKRVDVYAFGLVLWEIARRCQVGGIVEDYRPPFFEYVSSDPGFEDMKKVVCTEMLRPTIPNRWSNETMLIALSKLMKECWYHTASARHSSLRVKKTLMKIAESCNLNTTSKLDYSWEKAFI
26,XP_033629184.1,Activin_recp,0.00045,,,,MAPFNPFLNTLKAKGESTESTMAEESARPFVTNETTFECTCDNLGCNSDISRCKTTKRCYASLTIDENGVEQRRKGCFNTVERTNMYCKSAFQDNIIMVCCKGEMCNENIQPAFPPPIPPTTPISGLRESASTYDVVYLVMAVLGPFFALIVGISFAVFMYRWMHKKRLRELNTNDEEYAQHAPHDLRAVPAGDSTLKDLFDHSNTSGSGSGLPYLVQRTVARQITLVEQVGKGRYGEVWRGNWQDENVAVKIFNSIDEKSWFRETEIYNTIMLRHDNILGFIASDMTSRNSCTQLWLITHYHEFGSLYDYLNRNVIDMKVAIRLALSAAGGLVHLHTEIFCNNSKPAIAHRDIKSKNILVKENHTCCIADLGLAVLHTRKNDQLDIGMNSRVGTKRYMAPELLEETMNTAEFESFKRVDVYAFGLVLWEIARRCQVGGIVEDYRPPFFEYVSSDPGFEDMKKVVCTEMLRPTIPNRWSNETMLIALSKLMKECWYHTASARHSSLRVKKTLMKIAESCNLNTTSKLDYSWEKAFI
27,XP_033639490.1,QVR,0.0023,PF00087|P.ariabilis,7.23e-08,4.24e-05,MDRSVCLKTITFTVVLFTAMVVMRSGWGAAEGGEARSATLKCYTCAANDFEEDFEDKLSNCENGKTSRTVECPYEIHRARDEIGEDWNDFIMYPSCTVVKQKAAGAVTSYTRGCKLFTNCTEVKECEESDDNSGVCRSCCDTDLCNSAPSYLIRSVHWLWTLATILIAMVTSS
28,XP_033642409.1,UPAR_LY6_2,0.0023,,,,MEFVRWKVLFGFTVSVSILVQLCPTAPPPVILGVGNTDVSCYTCDNEPDNDRCNGAHLGENGTLTKCETERSNCFNTIKMNAGGDGYSLWKGCMDFDECYDEYYKMVGDPIKGANCVRYTFFGDDPPPGGEECFSCCFAFEGESQTGCNSIPGAPFMPLPDPNNWDPATDKWYGHGADEFTSPAPPGGAEMTARPLAAVTALTLFFLSSMLA
29,XP_033628697.1,Activin_recp,0.0058,TGFBR1|H.sapiens,0.0,0.0,MSWVGVFRQCAVLLVFPCLVLGNVGRKCAYNDNGHREKNGTCVLENPEGICIAMKIRDENQKEMTLLLCEDNPKGPPERRFGCLNPQPNTYYMSMCCSDTDYCNRELIKDMKLLPLPTEEPKIERCSMKPLYGDCDSQVNVWFYNMTVDQCQPYIYSGCGGTDNIFYDEDFCTRSCKGFNSPPSQKISMVNLALAIAIPITIFCLAALFLMTVRWYLWQRSTTHGRSHNDLPLICGHHSPGIPVGWTLSDIHNTATSSSGSGLPLLVQRTIARQITLIECIGKGRYGEVYKGRWRGEYVAVKIFSSREERSWFREAEIYQTVMLRHENILGFIAADNKDSGMVTQLLLVTDHMENGSLFDYLNMTTVDTAGMIRLAYSTANGLAHLHVEIVGMQGKPAIAHRDLKTKNILVKRNGQCAIADLGLAVRHDSEKDTVDIAPNNRIGTKRYLPPEVLDDTINVNHFEAFKRADVYSLGLVFWEIARRCSIGGIYEEYRLPYYDMVPSDPSIEDMRKVVVGDRQRPTIPNRWNNVEPLRVLAKVMKECWYHSAAARLTALRIKKTLDNLRVAEDVKL
30,XP_033644501.1,Toxin_TOLIP,0.0062,Ly6D|H.sapiens,4.87e-06,0.002,METNPSSQRLVVWMFIFAATIYFAQGNLRCYDCDVDFKTMSNPDLNCIHNVINSTGDVMYEPRDCQPHERFCKTHIVKGNRVIKSFERDCADTCTPSCDTRGFGIDVQTCTFCCGTDGCNNSSSSAQPHTWNTFELGVVAVVAYKFAGSPCN
31,XP_033641551.1,QVR,0.0071,,,,MFQFLAGLVSRSFTTKMMSLLMMLSTSILLSSQVSALECHTCADLSRHIGQSSLECEASYLKNHTSELLQGCAVPPSGFTTRCTKFGGEAKHKKSAGSSVLVDGVSRGCGLFKESSIPENKCYVGEEANPWLPYLVPSSDGATVNGVICFCEGSGCNGVAFLKPFSWLFLSALTMLCVLLR
32,XP_033641553.1,QVR,0.0071,,,,MFQFLAGLVSRSFTTKMMSLLMMLSTSIILSSQVSALECHTCADLSRHIGQSSLECEASYLKNHTSELLQGCAVPPSGFTTRCTKFGGEAKHKKSAGSSVLVDGVSRGCGLFKESSIPENKCYVGEEANPWLPYLVPSSDGATVNGVICFCEGSGCNGVAFLKPFSWLFLSALTMLCVLLR
33,XP_033645706.1,UPAR_LY6,0.0082,,,,MQAILVGIFLVAAFCGADATMQCYNCTLLSMTFSGQEMQVGEKGCQDPFNNLNITLVPCETSCVKSISEGSMPSIRRWCYDEPSIPECTQLENFEIMGITVSQYCCTGDKCNNAGAVGLSLILAITAAITALLF
34,XP_033624779.1,,,TGFBR2|H.sapiens,1.9899999999999994e-103,1.5199999999999998e-100,MGLLYPDTLRRSGKPPVAVCLLLHVFVMVCVGFGLLADGAGHCFNCEETIMDCDMDRQICRSRCEKKVPCKTEDSYCSVTTWSPSGNATDSEGRTQLSAALMCYEIAVPLRESDITTHFCGTVDEEGWFPDHSCICTHDYCNDAIYLPGSKQPDFPTSGVSGSTAKPTRPDLEQKTPSVKPSTKEVNDADGGGGKGINVAHLVGIIGGLLVLVAITTVGIAVAYTYVKRRKNDRKVNPPTSNTESTSLDLTTEDSDVKVIGQDTPPESPVHMRGNYLPITLSNVIGRGRFGAVWKADMKHGDVHTEMSVAVKIFHEVDSGSWNVEKELFTDATVMLKHDNVVEFIAAEVRQGSYDSQRQFWLVTRYYQKGCLYQYLKHHTVSWQELCRLAGTTARGVAHLHADVYGPAGLHKIPVAHRDLKSSNVLVKDDGTCAVADFGLAIHLDPTLSIDQLANSGQAGTPRYMSPEALESKVNLHDVESFKQMDVYSLGLIVWEIAARCHVSNVAAAEEHRTPFSDIIPGRASVDDMKTVVAMQKERPVIPPSWHENTGMQLVAGTVEDCWDGDPEARLTAHCVEARFTELITWAEGEQNPGHNDTHTITVV
35,XP_033641668.1,,,SP-10|H.sapiens,2.95e-09,2.99e-06,MHQPTGDHSRCTQPTGDHSRRTQPTGDQSRRTQPTGDQSRRTQPTGDQSRRTQPTGDQSRRTQPTGDQSRPTQPTGDQSRRTQPTGDQSRGTQPTGDQSRRTQPTGDHSRPTQPTGDQSRPTQPTGDQSRRTQPTGDQSRPNQPVGLELQLPGPARMAAATA
36,XP_033638465.1,,,Ly21.5|D.rerio,2e-07,0.000278,MKGFIAAVVVLGVFCILEVSANKMCYFCVDCAEMSNETSTCNTTGYCSKVTVTLGGNTTVARGCASSTCTKTECSTTDDSELCCCDTDKCNGAGALTSALVTVMAPLLASVYFTQS
37,XP_033638407.1,,,Ly21.1|D.rerio,5.48e-07,0.000602,MKNLVLFLLLVCTLHGSCVSLECYKCTFSDEGCQDLSISAPPGFETCPDGSVCHVRQTTLANGEVVDASRGCIPDSDCFNGCSGFLSESQECTSCCNEDRCNSDVPYYGDVSCYDCYNIPILGTTACGEPFNPRDAKVQTTTCSHGKCAVYFLNETSTKTVLQRGCPLTEYLCMSDKTQCMEDMCMDCCSGNLCNGPPTVRSANNNGQNAGNNGQATNRDSNGFNMLVMSLASILLMIGS
38,XP_033638384.1,,,Ly21.7|D.rerio,1.75e-06,0.002,MKTVLFALVFTSCVGSLFAVECYTCVYSPGAGGGLFGGDGCNDPFNATSQLIVSCDGTCAKTSSRVNGEITALARACLPAGQCPEACASIGNTEVCVYCCTGDKCNGASTVTFGLMTACVTALAAWMNSA
39,XP_033638913.1,,,Candoxin|B.candidus,8.14e-06,0.003,MNTLATIVVLMSLIAGMSALTCNTCGWITGVSDESCLDEFDATASNSSVTCASGYDMCSKSTTKVSGTVTILARGCSTSCSEACVSLFSIEGCSYCCSTDDCNSATSVTLSIAAMAATVIGAYVLM
40,XP_033645811.1,,,Tfp1|X.laevis,0.000181,0.000294,MKAFCAVLLLAVCVARASAIYCYSCDVCYLSGVRSLAGNTTECSAGQDRCKKSVAGGVISRACAVESECGVSDSVAQCGGGVEDDCQICCDHDNCNGAVAAKGSLVGLTLALVTAAFSRYL
